{
	"version": 1,
	"collections": [
		{
			"id": "3eafc483-e4d3-d707-17d2-d95f60fd49a5",
			"name": "Hollar",
			"description": "",
			"order": [],
			"folders": [
				{
					"id": "8de64a83-35c1-4ec9-81c8-23ee00892ced",
					"name": "[flows] IOS Checkout",
					"description": "",
					"write": true,
					"order": [
						"2bd6ce86-04ce-c821-0c68-7759b65cf53f",
						"0e5c78ac-44e6-0e49-cbf0-31c0d925a2ee",
						"006c67bd-1786-42c3-8fc5-e0076e4058d1",
						"556cd223-a4c3-0fcb-bcf8-35fbe045884a",
						"02bcad57-81ba-152f-d6ad-891b103368c7",
						"2e453127-080e-bd25-64a5-a63622738b7e",
						"8cde8cfb-adcf-7382-3c37-3670c498d894",
						"7210bc7e-e431-fe0e-fb86-94f96421681f",
						"dc23ff3e-fcaa-03f0-b5f1-99ae35bed16a",
						"cf96c943-1752-712c-1f97-bb3e75abecfb",
						"1cf7355e-765f-ba34-ff84-28c2902e8bbd"
					],
					"collection": "3eafc483-e4d3-d707-17d2-d95f60fd49a5",
					"owner": "664068",
					"collection_id": "3eafc483-e4d3-d707-17d2-d95f60fd49a5",
					"collectionId": "3eafc483-e4d3-d707-17d2-d95f60fd49a5"
				},
				{
					"id": "2fca8b8d-7298-8115-0714-4c0431b1ebd2",
					"name": "Checkout",
					"description": "",
					"write": true,
					"order": [
						"c2cb2233-0834-3278-dce1-9569e57d3183",
						"2e06143a-2e02-3d70-0c0e-d092f78af6a9",
						"177ff868-e67c-510d-6688-3e4b0b01d312"
					],
					"collection": "3eafc483-e4d3-d707-17d2-d95f60fd49a5",
					"owner": "664068",
					"collection_id": "3eafc483-e4d3-d707-17d2-d95f60fd49a5"
				},
				{
					"id": "d8692ff4-7d35-04e0-82e2-c5ba2741bdc6",
					"name": "Giftcard",
					"description": "",
					"write": true,
					"order": [
						"44ad4a66-9870-30e5-45fe-f674b69b1f87",
						"323160ed-3dab-ac37-6376-0d789966353e"
					],
					"collection": "3eafc483-e4d3-d707-17d2-d95f60fd49a5",
					"owner": "664068",
					"collection_id": "3eafc483-e4d3-d707-17d2-d95f60fd49a5"
				},
				{
					"id": "b6f7107c-188d-78df-3c19-da1c8126d584",
					"name": "Order",
					"description": "",
					"write": true,
					"order": [
						"7c66d08a-fd99-db7a-206d-01551f41e1f9",
						"2a7c8303-3f91-3670-bee7-17d8f61b7375",
						"c4b680ed-63c6-6bfe-52e4-26557c846866",
						"e52b6db6-7890-a1f9-0017-b01fee6c54b0",
						"4c90d5fb-7cc0-aeb1-6ffc-de0b373e0a08",
						"90e05143-9da3-de75-654d-e57e6850521c"
					],
					"collection": "3eafc483-e4d3-d707-17d2-d95f60fd49a5",
					"owner": 0,
					"collection_id": "3eafc483-e4d3-d707-17d2-d95f60fd49a5"
				},
				{
					"id": "89f94630-18c2-c3d6-c887-c304659c6ae4",
					"name": "Product",
					"description": "",
					"write": true,
					"order": [
						"de85fa3c-2277-70cb-d96e-814ee806718a",
						"16826d60-4bde-0cba-3933-01a1b5a77239",
						"80c87194-a2bf-d25d-0203-2e77ed39ade6"
					],
					"collection": "3eafc483-e4d3-d707-17d2-d95f60fd49a5",
					"owner": "664068",
					"collection_id": "3eafc483-e4d3-d707-17d2-d95f60fd49a5",
					"collectionId": "3eafc483-e4d3-d707-17d2-d95f60fd49a5"
				},
				{
					"id": "6de55751-f350-06a7-7d9c-efd592143ec5",
					"name": "Taxon",
					"description": "",
					"write": true,
					"order": [
						"ff02a682-209f-ca25-ed25-8a59878c0823",
						"eb903bf7-25bd-c3fc-263d-e08a4145bbe7",
						"1901f659-1d12-6af8-e2e4-4d1f2fd31638"
					],
					"collection_id": "3eafc483-e4d3-d707-17d2-d95f60fd49a5",
					"collection": "3eafc483-e4d3-d707-17d2-d95f60fd49a5",
					"collectionId": "3eafc483-e4d3-d707-17d2-d95f60fd49a5"
				},
				{
					"id": "19f1fd4d-a92d-436a-17f0-e95cb833b8ea",
					"name": "User",
					"description": "",
					"write": true,
					"order": [
						"539037d9-e911-31f3-8f33-6ac1bf89bfc6",
						"4f068a1f-bd7d-b71f-d37c-a4a54a1f8c52",
						"681910b8-038e-9a66-30af-96e7822b2319",
						"7fd56c37-4a4e-ce70-e1a8-c25c25442a84",
						"ebb0c231-d01f-08f8-8e97-660f76aa2d23",
						"67a33cd7-24f2-e3a9-0189-6b03645ee514",
						"82a985f7-cf92-775c-49ea-47f63862e22f"
					],
					"collection": "3eafc483-e4d3-d707-17d2-d95f60fd49a5",
					"owner": "664068",
					"collection_id": "3eafc483-e4d3-d707-17d2-d95f60fd49a5"
				},
				{
					"id": "553e5a22-6202-eae4-0577-95af4fb64b51",
					"name": "Taxonomy",
					"description": "",
					"write": true,
					"order": [
						"04be198a-b6c0-8ff2-e5c9-7915b80b358c",
						"745644a3-f827-d92f-10da-d20635e13d5a"
					],
					"collection_id": "3eafc483-e4d3-d707-17d2-d95f60fd49a5",
					"collection": "3eafc483-e4d3-d707-17d2-d95f60fd49a5",
					"collectionId": "3eafc483-e4d3-d707-17d2-d95f60fd49a5",
					"owner": "664068"
				},
				{
					"id": "ed1fc583-2350-8c8a-79f4-730656b41617",
					"name": "State",
					"description": "",
					"write": true,
					"order": [
						"be5bde80-bd24-651c-5122-faae2c71f723"
					],
					"collection": "3eafc483-e4d3-d707-17d2-d95f60fd49a5",
					"owner": "664068",
					"collection_id": "3eafc483-e4d3-d707-17d2-d95f60fd49a5",
					"collectionId": "3eafc483-e4d3-d707-17d2-d95f60fd49a5"
				},
				{
					"id": "01cb2331-f38a-3444-ffda-591de9fc2e05",
					"name": "Country",
					"description": "",
					"write": true,
					"order": [
						"933a5a2e-fd2e-0209-dc44-f17c2ff71c0b"
					],
					"collection": "3eafc483-e4d3-d707-17d2-d95f60fd49a5",
					"owner": "664068",
					"collection_id": "3eafc483-e4d3-d707-17d2-d95f60fd49a5"
				},
				{
					"id": "58947644-1fe2-d690-c3bf-a514b392ad31",
					"name": "Invite",
					"description": "",
					"write": true,
					"order": [
						"1f4e40bf-7327-e9d3-b932-c63cf58a55b6"
					],
					"collection": "3eafc483-e4d3-d707-17d2-d95f60fd49a5",
					"owner": "664068",
					"collection_id": "3eafc483-e4d3-d707-17d2-d95f60fd49a5"
				}
			],
			"timestamp": 1464973842730,
			"synced": false,
			"remote_id": 631476,
			"owner": "664068",
			"sharedWithTeam": false,
			"subscribed": false,
			"remoteLink": "https://www.getpostman.com/collections/c9e06d49e3a03be23a13",
			"public": false,
			"createdAt": 1464973842730,
			"updatedAt": 1468006435100,
			"write": true,
			"published": false,
			"favorite": true,
			"permissions": {},
			"syncedPermissions": {},
			"requests": [
				{
					"id": "006c67bd-1786-42c3-8fc5-e0076e4058d1",
					"headers": "X-SPREE-TOKEN: {{TOKEN}}\n",
					"url": "{{URL}}/api/users/{{USER_ID}}/address_book?app_platform={{PLATFORM}}&api_version={{API_VERSION}}&app_version={{APP_VERSION}}",
					"preRequestScript": null,
					"pathVariables": {},
					"method": "GET",
					"data": null,
					"dataMode": "params",
					"tests": null,
					"currentHelper": "normal",
					"helperAttributes": {},
					"time": 1468002234366,
					"name": "3- Loading available addresses",
					"description": "",
					"collectionId": "3eafc483-e4d3-d707-17d2-d95f60fd49a5",
					"responses": []
				},
				{
					"id": "02bcad57-81ba-152f-d6ad-891b103368c7",
					"headers": "X-SPREE-TOKEN: {{TOKEN}}\n",
					"url": "{{URL}}/api/checkouts/{{ORDER_ID}}?order[bill_address_attributes][city]=Montreal&order[bill_address_attributes][country_id]=232&order[bill_address_attributes][company]&order[bill_address_attributes][phone]=5555555555&order[bill_address_attributes][lastname]=bianchin&order[bill_address_attributes][alternative_phone]&order[bill_address_attributes][address1]=test%20address&order[bill_address_attributes][firstname]=francois&order[bill_address_attributes][state_id]=3529&order[bill_address_attributes][address2]&order[bill_address_attributes][zipcode]=90000&state=address&app_platform={{PLATFORM}}&api_version={{API_VERSION}}&app_version={{APP_VERSION}}",
					"preRequestScript": null,
					"pathVariables": {},
					"method": "PUT",
					"data": null,
					"dataMode": "params",
					"tests": null,
					"currentHelper": "normal",
					"helperAttributes": {},
					"time": 1468002247121,
					"name": "5- Updating Order Billing Address",
					"description": "",
					"collectionId": "3eafc483-e4d3-d707-17d2-d95f60fd49a5",
					"responses": []
				},
				{
					"id": "04be198a-b6c0-8ff2-e5c9-7915b80b358c",
					"headers": "",
					"url": "{{URL}}/api/taxonomies/{{TAXONOMY_ID}}?api_version={{API_VERSION}}&app_platform={{PLATFORM}}&app_version={{APP_VERSION}}",
					"preRequestScript": null,
					"pathVariables": {},
					"method": "GET",
					"data": null,
					"dataMode": "params",
					"tests": null,
					"currentHelper": "normal",
					"helperAttributes": {},
					"time": 1468006096408,
					"name": "A Taxonomie",
					"description": "    ",
					"collectionId": "3eafc483-e4d3-d707-17d2-d95f60fd49a5",
					"responses": []
				},
				{
					"id": "0e5c78ac-44e6-0e49-cbf0-31c0d925a2ee",
					"headers": "X-SPREE-TOKEN: {{TOKEN}}\n",
					"url": "{{URL}}/api/orders/{{ORDER_ID}}/?app_platform={{PLATFORM}}&api_version={{API_VERSION}}&app_version={{APP_VERSION}}",
					"preRequestScript": null,
					"pathVariables": {},
					"method": "GET",
					"data": null,
					"dataMode": "params",
					"tests": null,
					"currentHelper": "normal",
					"helperAttributes": {},
					"time": 1468002232286,
					"name": "2- Refresh the cart (accessing cart screen)",
					"description": "",
					"collectionId": "3eafc483-e4d3-d707-17d2-d95f60fd49a5",
					"responses": []
				},
				{
					"id": "16826d60-4bde-0cba-3933-01a1b5a77239",
					"headers": "",
					"url": "{{URL}}/api/products/landing?page=1&app_platform={{PLATFORM}}&api_version={{API_VERSION}}&app_version={{APP_VERSION}}",
					"preRequestScript": null,
					"pathVariables": {},
					"method": "GET",
					"data": null,
					"dataMode": "params",
					"tests": null,
					"currentHelper": "normal",
					"helperAttributes": {},
					"time": 1468004314123,
					"name": "Landing",
					"description": "",
					"collectionId": "3eafc483-e4d3-d707-17d2-d95f60fd49a5",
					"responses": []
				},
				{
					"id": "177ff868-e67c-510d-6688-3e4b0b01d312",
					"headers": "X-SPREE-TOKEN: {{TOKEN}}\n",
					"url": "{{URL}}/api/checkouts/{{ORDER_ID}}/complete?app_platform={{PLATFORM}}&api_version={{API_VERSION}}&app_version={{APP_VERSION}}",
					"preRequestScript": null,
					"pathVariables": {},
					"method": "PUT",
					"data": null,
					"dataMode": "params",
					"tests": null,
					"currentHelper": "normal",
					"helperAttributes": {},
					"time": 1468005328711,
					"name": "Complete",
					"description": "",
					"collectionId": "3eafc483-e4d3-d707-17d2-d95f60fd49a5",
					"responses": []
				},
				{
					"id": "1901f659-1d12-6af8-e2e4-4d1f2fd31638",
					"headers": "",
					"url": "{{URL}}/api/taxons/products?id=1&app_platform={{PLATFORM}}&api_version={{API_VERSION}}&app_version={{APP_VERSION}}",
					"preRequestScript": null,
					"pathVariables": {},
					"method": "GET",
					"data": null,
					"dataMode": "params",
					"tests": null,
					"currentHelper": "normal",
					"helperAttributes": {},
					"time": 1468002937647,
					"name": "[by id] Products of taxons",
					"description": "    ",
					"collectionId": "3eafc483-e4d3-d707-17d2-d95f60fd49a5",
					"responses": []
				},
				{
					"id": "1cf7355e-765f-ba34-ff84-28c2902e8bbd",
					"headers": "X-SPREE-TOKEN: {{TOKEN}}\n",
					"url": "{{URL}}/api/checkouts/{{ORDER_ID}}/complete?api_version={{API_VERSION}}&app_platform={{PLATFORM}}&app_version={{APP_VERSION}}",
					"preRequestScript": null,
					"pathVariables": {},
					"method": "PUT",
					"data": null,
					"dataMode": "params",
					"tests": null,
					"currentHelper": "normal",
					"helperAttributes": {},
					"time": 1468002288399,
					"name": "11- Complete the order",
					"description": "",
					"collectionId": "3eafc483-e4d3-d707-17d2-d95f60fd49a5",
					"responses": []
				},
				{
					"id": "1f4e40bf-7327-e9d3-b932-c63cf58a55b6",
					"headers": "X-SPREE-TOKEN: {{TOKEN}}\n",
					"url": "{{URL}}/api/invites?app_platform={{PLATFORM}}&api_version={{API_VERSION}}&app_version={{APP_VERSION}}",
					"preRequestScript": null,
					"pathVariables": {},
					"method": "GET",
					"data": null,
					"dataMode": "params",
					"version": 2,
					"tests": null,
					"currentHelper": "normal",
					"helperAttributes": {},
					"time": 1468005760034,
					"name": "All invites",
					"description": "",
					"collectionId": "3eafc483-e4d3-d707-17d2-d95f60fd49a5",
					"responses": []
				},
				{
					"id": "2a7c8303-3f91-3670-bee7-17d8f61b7375",
					"headers": "X-SPREE-TOKEN: {{TOKEN}}\n",
					"url": "{{URL}}/api/orders?app_platform={{PLATFORM}}&api_version={{API_VERSION}}&app_version={{APP_VERSION}}",
					"preRequestScript": null,
					"pathVariables": {},
					"method": "POST",
					"data": null,
					"dataMode": "params",
					"tests": null,
					"currentHelper": "normal",
					"helperAttributes": {},
					"time": 1468004778514,
					"name": "Create empty",
					"description": "",
					"collectionId": "3eafc483-e4d3-d707-17d2-d95f60fd49a5",
					"responses": []
				},
				{
					"id": "2bd6ce86-04ce-c821-0c68-7759b65cf53f",
					"headers": "X-SPREE-TOKEN: {{TOKEN}}\n",
					"url": "{{URL}}/api/orders/{{ORDER_ID}}/line_items?line_item[quantity]=9&line_item[variant_id]=66&app_platform={{PLATFORM}}&api_version={{API_VERSION}}&app_version={{APP_VERSION}}",
					"preRequestScript": null,
					"pathVariables": {},
					"method": "POST",
					"data": null,
					"dataMode": "params",
					"tests": null,
					"currentHelper": "normal",
					"helperAttributes": {},
					"time": 1468002922369,
					"name": "1- Order Create",
					"description": "",
					"collectionId": "3eafc483-e4d3-d707-17d2-d95f60fd49a5",
					"responses": []
				},
				{
					"id": "2e06143a-2e02-3d70-0c0e-d092f78af6a9",
					"headers": "X-SPREE-TOKEN: {{TOKEN}}\n",
					"url": "{{URL}}/api/checkouts/{{ORDER_ID}}?app_platform={{PLATFORM}}&api_version={{API_VERSION}}&app_version={{APP_VERSION}}",
					"preRequestScript": null,
					"pathVariables": {},
					"method": "PUT",
					"data": null,
					"dataMode": "params",
					"tests": null,
					"currentHelper": "normal",
					"helperAttributes": {},
					"time": 1468003040833,
					"name": "Update",
					"description": "",
					"collectionId": "3eafc483-e4d3-d707-17d2-d95f60fd49a5",
					"responses": []
				},
				{
					"id": "2e453127-080e-bd25-64a5-a63622738b7e",
					"headers": "X-SPREE-TOKEN: {{TOKEN}}\n",
					"url": "{{URL}}/api/orders/{{ORDER_ID}}?app_platform={{PLATFORM}}&api_version={{API_VERSION}}&app_version={{APP_VERSION}}",
					"preRequestScript": null,
					"pathVariables": {},
					"method": "GET",
					"data": null,
					"dataMode": "params",
					"tests": null,
					"currentHelper": "normal",
					"helperAttributes": {},
					"time": 1468002250002,
					"name": "6- Getting Shipping Rates",
					"description": "",
					"collectionId": "3eafc483-e4d3-d707-17d2-d95f60fd49a5",
					"responses": []
				},
				{
					"id": "323160ed-3dab-ac37-6376-0d789966353e",
					"headers": "",
					"url": "{{URL}}/api/gift_card_orders?app_platform={{PLATFORM}}&api_version={{API_VERSION}}&app_version={{APP_VERSION}}",
					"preRequestScript": null,
					"pathVariables": {},
					"method": "GET",
					"data": null,
					"dataMode": "params",
					"tests": null,
					"currentHelper": "normal",
					"helperAttributes": {},
					"time": 1468006125949,
					"name": "Base information",
					"description": "",
					"collectionId": "3eafc483-e4d3-d707-17d2-d95f60fd49a5",
					"responses": []
				},
				{
					"id": "44ad4a66-9870-30e5-45fe-f674b69b1f87",
					"headers": "X-SPREE-TOKEN: {{TOKEN}}\n",
					"url": "{{URL}}/api/gift_cards/redeem?redemption_code=12312321&app_platform={{PLATFORM}}&api_version={{API_VERSION}}&app_version={{APP_VERSION}}",
					"preRequestScript": null,
					"pathVariables": {},
					"method": "POST",
					"data": null,
					"dataMode": "params",
					"tests": null,
					"currentHelper": "normal",
					"helperAttributes": {},
					"time": 1468003031171,
					"name": "Redeem",
					"description": "",
					"collectionId": "3eafc483-e4d3-d707-17d2-d95f60fd49a5",
					"responses": []
				},
				{
					"id": "4c90d5fb-7cc0-aeb1-6ffc-de0b373e0a08",
					"headers": "X-SPREE-TOKEN: {{TOKEN}}\n",
					"url": "{{URL}}/api/orders/current?app_platform={{PLATFORM}}&api_version={{API_VERSION}}&app_version={{APP_VERSION}}",
					"preRequestScript": null,
					"pathVariables": {},
					"method": "GET",
					"data": null,
					"dataMode": "params",
					"tests": null,
					"currentHelper": "normal",
					"helperAttributes": {},
					"time": 1468004829810,
					"name": "Latest order",
					"description": "",
					"collectionId": "3eafc483-e4d3-d707-17d2-d95f60fd49a5",
					"responses": []
				},
				{
					"id": "4f068a1f-bd7d-b71f-d37c-a4a54a1f8c52",
					"headers": "",
					"url": "{{URL}}/api/sign_in?email=admin@example.com&password=test123&app_platform={{PLATFORM}}&api_version={{API_VERSION}}&app_version={{APP_VERSION}}",
					"preRequestScript": null,
					"pathVariables": {},
					"method": "POST",
					"data": [
						{
							"key": "user[email]",
							"value": "email@email.com",
							"type": "text",
							"enabled": true
						},
						{
							"key": "user[password]",
							"value": "password",
							"type": "text",
							"enabled": true
						},
						{
							"key": "user[password_confirmation]",
							"value": "password",
							"type": "text",
							"enabled": true
						}
					],
					"dataMode": "params",
					"tests": null,
					"currentHelper": "normal",
					"helperAttributes": {},
					"time": 1468003583335,
					"name": "Sign Up",
					"description": "",
					"collectionId": "3eafc483-e4d3-d707-17d2-d95f60fd49a5",
					"responses": []
				},
				{
					"id": "539037d9-e911-31f3-8f33-6ac1bf89bfc6",
					"headers": "",
					"url": "{{URL}}/api/sign_in?email=admin@example.com&password=test123&app_platform={{PLATFORM}}&api_version={{API_VERSION}}&app_version={{APP_VERSION}}",
					"preRequestScript": null,
					"pathVariables": {},
					"method": "POST",
					"data": null,
					"dataMode": "params",
					"tests": null,
					"currentHelper": "normal",
					"helperAttributes": {},
					"time": 1468003389442,
					"name": "Sign In",
					"description": "",
					"collectionId": "3eafc483-e4d3-d707-17d2-d95f60fd49a5",
					"responses": []
				},
				{
					"id": "556cd223-a4c3-0fcb-bcf8-35fbe045884a",
					"headers": "X-SPREE-TOKEN: {{TOKEN}}\n",
					"url": "{{URL}}/api/checkouts/{{ORDER_ID}}?order[ship_address_attributes][city]=Montreal&order[ship_address_attributes][country_id]=232&order[ship_address_attributes][company]&order[ship_address_attributes][phone]=5555555555&order[ship_address_attributes][lastname]=bianchin&order[ship_address_attributes][alternative_phone]&order[ship_address_attributes][address1]=test%20address&order[ship_address_attributes][firstname]=francois&order[ship_address_attributes][state_id]=3529&order[ship_address_attributes][address2]&order[ship_address_attributes][zipcode]=90000&state=address&app_platform={{PLATFORM}}&api_version={{API_VERSION}}&app_version={{APP_VERSION}}",
					"preRequestScript": null,
					"pathVariables": {},
					"method": "PUT",
					"data": null,
					"dataMode": "params",
					"tests": null,
					"currentHelper": "normal",
					"helperAttributes": {},
					"time": 1468002239666,
					"name": "4- Updating Order Shipping Address",
					"description": "",
					"collectionId": "3eafc483-e4d3-d707-17d2-d95f60fd49a5",
					"responses": []
				},
				{
					"id": "67a33cd7-24f2-e3a9-0189-6b03645ee514",
					"headers": "X-SPREE-TOKEN: {{TOKEN}}\n",
					"url": "{{URL}}/api/users/{{USER_ID}}/address_book?app_platform={{PLATFORM}}&api_version={{API_VERSION}}&app_version={{APP_VERSION}}",
					"preRequestScript": null,
					"pathVariables": {},
					"method": "GET",
					"data": null,
					"dataMode": "params",
					"tests": null,
					"currentHelper": "normal",
					"helperAttributes": {},
					"time": 1468005802739,
					"name": "Address Book",
					"description": "",
					"collectionId": "3eafc483-e4d3-d707-17d2-d95f60fd49a5",
					"responses": []
				},
				{
					"id": "681910b8-038e-9a66-30af-96e7822b2319",
					"headers": "",
					"url": "{{URL}}/api/sign_in?fb_auth_token=token&app_platform={{PLATFORM}}&api_version={{API_VERSION}}&app_version={{APP_VERSION}}",
					"preRequestScript": null,
					"pathVariables": {},
					"method": "POST",
					"data": null,
					"dataMode": "params",
					"tests": null,
					"currentHelper": "normal",
					"helperAttributes": {},
					"time": 1468003559287,
					"name": "Sign Up with Facebook",
					"description": "",
					"collectionId": "3eafc483-e4d3-d707-17d2-d95f60fd49a5",
					"responses": []
				},
				{
					"id": "7210bc7e-e431-fe0e-fb86-94f96421681f",
					"headers": "X-SPREE-TOKEN: {{TOKEN}}\n",
					"url": "{{URL}}/api/users/{{USER_ID}}/credit_cards?page=1&api_version={{API_VERSION}}&app_platform={{PLATFORM}}&app_version={{APP_VERSION}}",
					"preRequestScript": null,
					"pathVariables": {},
					"method": "GET",
					"data": null,
					"dataMode": "params",
					"tests": null,
					"currentHelper": "normal",
					"helperAttributes": {},
					"time": 1468002261475,
					"name": "8- Retrieve Credit Cards",
					"description": "",
					"collectionId": "3eafc483-e4d3-d707-17d2-d95f60fd49a5",
					"responses": []
				},
				{
					"id": "745644a3-f827-d92f-10da-d20635e13d5a",
					"headers": "",
					"url": "{{URL}}/api/taxonomies?api_version={{API_VERSION}}&app_platform={{PLATFORM}}&app_version={{APP_VERSION}}",
					"preRequestScript": null,
					"pathVariables": {},
					"method": "GET",
					"data": null,
					"dataMode": "params",
					"tests": null,
					"currentHelper": "normal",
					"helperAttributes": {},
					"time": 1468006091721,
					"name": "All taxonomies",
					"description": "    ",
					"collectionId": "3eafc483-e4d3-d707-17d2-d95f60fd49a5",
					"responses": []
				},
				{
					"id": "7c66d08a-fd99-db7a-206d-01551f41e1f9",
					"headers": "X-SPREE-TOKEN: {{TOKEN}}\n",
					"url": "{{URL}}/api/orders/mine?page=1&app_platform={{PLATFORM}}&api_version={{API_VERSION}}&app_version={{APP_VERSION}}",
					"preRequestScript": null,
					"pathVariables": {},
					"method": "GET",
					"data": null,
					"dataMode": "params",
					"tests": null,
					"currentHelper": "normal",
					"helperAttributes": {},
					"time": 1468004792323,
					"name": "My orders",
					"description": "",
					"collectionId": "3eafc483-e4d3-d707-17d2-d95f60fd49a5",
					"responses": []
				},
				{
					"id": "7fd56c37-4a4e-ce70-e1a8-c25c25442a84",
					"headers": "X-SPREE-TOKEN: {{TOKEN}}\n",
					"url": "{{URL}}/api/sign_in?app_platform={{PLATFORM}}&api_version={{API_VERSION}}&app_version={{APP_VERSION}}",
					"preRequestScript": null,
					"pathVariables": {},
					"method": "POST",
					"data": null,
					"dataMode": "params",
					"tests": null,
					"currentHelper": "normal",
					"helperAttributes": {},
					"time": 1468004729537,
					"name": "Sign Out",
					"description": "",
					"collectionId": "3eafc483-e4d3-d707-17d2-d95f60fd49a5",
					"responses": []
				},
				{
					"id": "80c87194-a2bf-d25d-0203-2e77ed39ade6",
					"headers": "",
					"url": "{{URL}}/api/products/{{PRODUCT_ID}}?app_platform={{PLATFORM}}&api_version={{API_VERSION}}&app_version={{APP_VERSION}}",
					"preRequestScript": null,
					"pathVariables": {},
					"method": "GET",
					"data": null,
					"dataMode": "params",
					"tests": null,
					"currentHelper": "normal",
					"helperAttributes": {},
					"time": 1468005146942,
					"name": "A Product",
					"description": "",
					"collectionId": "3eafc483-e4d3-d707-17d2-d95f60fd49a5",
					"responses": []
				},
				{
					"id": "82a985f7-cf92-775c-49ea-47f63862e22f",
					"headers": "X-SPREE-TOKEN: {{TOKEN}}\n",
					"url": "{{URL}}/api/users/{{USER_ID}}/credit_cards?app_platform={{PLATFORM}}&api_version={{API_VERSION}}&app_version={{APP_VERSION}}",
					"preRequestScript": null,
					"pathVariables": {},
					"method": "GET",
					"data": null,
					"dataMode": "params",
					"tests": null,
					"currentHelper": "normal",
					"helperAttributes": {},
					"time": 1468005815953,
					"name": "Credit Cards",
					"description": "",
					"collectionId": "3eafc483-e4d3-d707-17d2-d95f60fd49a5",
					"responses": []
				},
				{
					"id": "8cde8cfb-adcf-7382-3c37-3670c498d894",
					"headers": "X-SPREE-TOKEN: {{TOKEN}}\n",
					"url": "{{URL}}/api/orders/{{ORDER_ID}}?order[shipments_attributes][0][id]=44&order[shipments_attributes][0][selected_shipping_rate_id]=44&state=delivery&app_platform={{PLATFORM}}&api_version={{API_VERSION}}&app_version={{APP_VERSION}}",
					"preRequestScript": null,
					"pathVariables": {},
					"method": "PUT",
					"data": null,
					"dataMode": "params",
					"tests": null,
					"currentHelper": "normal",
					"helperAttributes": {},
					"time": 1468002255524,
					"name": "7- Selecting shipping rate",
					"description": "",
					"collectionId": "3eafc483-e4d3-d707-17d2-d95f60fd49a5",
					"responses": []
				},
				{
					"id": "90e05143-9da3-de75-654d-e57e6850521c",
					"headers": "",
					"url": "{{URL}}/api/{{ORDER_ID}}/line_items/{{LINE_ITEM_ID}}",
					"pathVariables": {},
					"preRequestScript": null,
					"method": "DELETE",
					"collectionId": "3eafc483-e4d3-d707-17d2-d95f60fd49a5",
					"data": null,
					"dataMode": "params",
					"name": "Delete line item from order",
					"description": "",
					"descriptionFormat": "html",
					"time": 1468005469328,
					"version": 2,
					"responses": [],
					"tests": null,
					"currentHelper": "normal",
					"helperAttributes": {},
					"folder": "b6f7107c-188d-78df-3c19-da1c8126d584"
				},
				{
					"id": "933a5a2e-fd2e-0209-dc44-f17c2ff71c0b",
					"headers": "",
					"url": "{{URL}}/api/countries",
					"preRequestScript": null,
					"pathVariables": {},
					"method": "GET",
					"data": null,
					"dataMode": "params",
					"tests": null,
					"currentHelper": "normal",
					"helperAttributes": {},
					"time": 1468003311739,
					"name": "All Countries",
					"description": "",
					"collectionId": "3eafc483-e4d3-d707-17d2-d95f60fd49a5",
					"responses": []
				},
				{
					"id": "be5bde80-bd24-651c-5122-faae2c71f723",
					"headers": "",
					"url": "{{URL}}/api/states",
					"preRequestScript": null,
					"pathVariables": {},
					"method": "GET",
					"data": null,
					"dataMode": "params",
					"tests": null,
					"currentHelper": "normal",
					"helperAttributes": {},
					"time": 1468003255788,
					"name": "All states",
					"description": "",
					"collectionId": "3eafc483-e4d3-d707-17d2-d95f60fd49a5",
					"responses": []
				},
				{
					"id": "c2cb2233-0834-3278-dce1-9569e57d3183",
					"headers": "X-SPREE-TOKEN: {{TOKEN}}\n",
					"url": "{{URL}}/api/checkouts/{{ORDER_ID}}/next?app_platform={{PLATFORM}}&api_version={{API_VERSION}}&app_version={{APP_VERSION}}",
					"preRequestScript": null,
					"pathVariables": {},
					"method": "PUT",
					"data": null,
					"dataMode": "params",
					"tests": null,
					"currentHelper": "normal",
					"helperAttributes": {},
					"time": 1468003042738,
					"name": "Next Step",
					"description": "dsadasda\n",
					"collectionId": "3eafc483-e4d3-d707-17d2-d95f60fd49a5",
					"responses": []
				},
				{
					"id": "c4b680ed-63c6-6bfe-52e4-26557c846866",
					"headers": "X-SPREE-TOKEN: {{TOKEN}}\n",
					"url": "{{URL}}/api/orders/{{ORDER_ID}}?app_platform={{PLATFORM}}&api_version={{API_VERSION}}&app_version={{APP_VERSION}}",
					"preRequestScript": null,
					"pathVariables": {},
					"method": "GET",
					"data": null,
					"dataMode": "params",
					"tests": null,
					"currentHelper": "normal",
					"helperAttributes": {},
					"time": 1468005095454,
					"name": "An Order",
					"description": "",
					"collectionId": "3eafc483-e4d3-d707-17d2-d95f60fd49a5",
					"responses": []
				},
				{
					"id": "cf96c943-1752-712c-1f97-bb3e75abecfb",
					"headers": "X-SPREE-TOKEN: {{TOKEN}}\n",
					"url": "{{URL}}/api/checkouts/{{ORDER_ID}}/advance?api_version={{API_VERSION}}&app_platform={{PLATFORM}}&app_version={{APP_VERSION}}",
					"preRequestScript": null,
					"pathVariables": {},
					"method": "PUT",
					"data": null,
					"dataMode": "params",
					"tests": null,
					"currentHelper": "normal",
					"helperAttributes": {},
					"time": 1468002286258,
					"name": "10- Advance the order",
					"description": "",
					"collectionId": "3eafc483-e4d3-d707-17d2-d95f60fd49a5",
					"responses": []
				},
				{
					"id": "dc23ff3e-fcaa-03f0-b5f1-99ae35bed16a",
					"headers": "X-SPREE-TOKEN: {{TOKEN}}\n",
					"url": "{{URL}}/api/checkouts/{{ORDER_ID}}?order[payments_attributes][][source_attributes][year]=21&order[payments_attributes][][source_attributes][verification_value]=123&order[payments_attributes][][source_attributes][number]=4111111111111111&order[payments_attributes][][source_attributes][month]=11&order[payments_attributes][][source_attributes][name]=Francois1&order[payments_attributes][][payment_method_id]=4&order[payments_attributes][][amount]=35.95&state=payment&api_version={{API_VERSION}}&app_platform={{PLATFORM}}&app_version={{APP_VERSION}}",
					"preRequestScript": null,
					"pathVariables": {},
					"method": "PUT",
					"data": null,
					"dataMode": "params",
					"tests": null,
					"currentHelper": "normal",
					"helperAttributes": {},
					"time": 1468002269936,
					"name": "9- Add a new credit card (optional)",
					"description": "",
					"collectionId": "3eafc483-e4d3-d707-17d2-d95f60fd49a5",
					"responses": []
				},
				{
					"id": "de85fa3c-2277-70cb-d96e-814ee806718a",
					"headers": "",
					"url": "{{URL}}/api/products?q[name_cont]=Mortar Pestle&page=1&app_platform={{PLATFORM}}&api_version={{API_VERSION}}&app_version={{APP_VERSION}}",
					"preRequestScript": null,
					"pathVariables": {},
					"method": "GET",
					"data": null,
					"dataMode": "params",
					"tests": null,
					"currentHelper": "normal",
					"helperAttributes": {},
					"time": 1468004664498,
					"name": "Search",
					"description": "",
					"collectionId": "3eafc483-e4d3-d707-17d2-d95f60fd49a5",
					"responses": []
				},
				{
					"id": "e52b6db6-7890-a1f9-0017-b01fee6c54b0",
					"headers": "X-SPREE-TOKEN: {{TOKEN}}\n",
					"url": "{{URL}}/api/orders/{{ORDER_ID}}?order[shipments_attributes][0][id]=44&order[shipments_attributes][0][selected_shipping_rate_id]=44&state=delivery&app_platform={{PLATFORM}}&api_version={{API_VERSION}}&app_version={{APP_VERSION}}",
					"preRequestScript": null,
					"pathVariables": {},
					"method": "PUT",
					"data": null,
					"dataMode": "params",
					"tests": null,
					"currentHelper": "normal",
					"helperAttributes": {},
					"time": 1468002255524,
					"name": "Update",
					"description": "",
					"collectionId": "3eafc483-e4d3-d707-17d2-d95f60fd49a5",
					"responses": [],
					"folder": "b6f7107c-188d-78df-3c19-da1c8126d584"
				},
				{
					"id": "eb903bf7-25bd-c3fc-263d-e08a4145bbe7",
					"headers": "",
					"url": "{{URL}}/api/taxons/products?permalink=category&app_platform={{PLATFORM}}&api_version={{API_VERSION}}&app_version={{APP_VERSION}}",
					"preRequestScript": null,
					"pathVariables": {},
					"method": "GET",
					"data": null,
					"dataMode": "params",
					"tests": null,
					"currentHelper": "normal",
					"helperAttributes": {},
					"time": 1468007913067,
					"name": "[permalink] Products of taxons",
					"description": "V1: Returns all the products directly under the taxon\n\nV2 >= 2: Returns all the products of all the taxons under the current taxon",
					"collectionId": "3eafc483-e4d3-d707-17d2-d95f60fd49a5",
					"responses": []
				},
				{
					"id": "ebb0c231-d01f-08f8-8e97-660f76aa2d23",
					"headers": "X-SPREE-TOKEN: {{TOKEN}}\n",
					"url": "{{URL}}/api/users/{{USER_ID}}?app_platform={{PLATFORM}}&api_version={{API_VERSION}}&app_version={{APP_VERSION}}",
					"preRequestScript": null,
					"pathVariables": {},
					"method": "GET",
					"data": null,
					"dataMode": "params",
					"tests": null,
					"currentHelper": "normal",
					"helperAttributes": {},
					"time": 1468005602850,
					"name": "A User",
					"description": "",
					"collectionId": "3eafc483-e4d3-d707-17d2-d95f60fd49a5",
					"responses": []
				},
				{
					"id": "ff02a682-209f-ca25-ed25-8a59878c0823",
					"headers": "",
					"url": "{{URL}}/api/taxonomies/1/taxons/1?api_version={{API_VERSION}}&app_platform={{PLATFORM}}&app_version={{APP_VERSION}}",
					"preRequestScript": null,
					"pathVariables": {},
					"method": "GET",
					"data": null,
					"dataMode": "params",
					"tests": null,
					"currentHelper": "normal",
					"helperAttributes": {},
					"time": 1468003094292,
					"name": "A Taxon",
					"description": "    ",
					"collectionId": "3eafc483-e4d3-d707-17d2-d95f60fd49a5",
					"responses": []
				}
			]
		},
		{
			"favoriters": [],
			"owner": "664068",
			"lastUpdatedBy": "664068",
			"lastRevision": 328405776,
			"team": null,
			"id": "995700c7-cf48-6d2b-91e5-8c6ea502f3e7",
			"name": "Music_Backend",
			"description": "",
			"remote_id": "0",
			"order": [
				"ffd7cb6c-9c61-06d7-d3cc-85f305dcc894",
				"133fd600-bc82-1dee-29b7-59477ac9d424"
			],
			"shared": false,
			"write": true,
			"createdAt": 1468001365651,
			"updatedAt": 1468001365651,
			"folders": [],
			"favorite": false,
			"subscribed": false,
			"sharedWithTeam": false,
			"hasRequests": true,
			"synced": true,
			"requests": [
				{
					"owner": "664068",
					"lastUpdatedBy": "664068",
					"lastRevision": 328405774,
					"folder": null,
					"collection": "995700c7-cf48-6d2b-91e5-8c6ea502f3e7",
					"id": "133fd600-bc82-1dee-29b7-59477ac9d424",
					"name": "localhost:4000/api/songs",
					"dataMode": "raw",
					"data": "{\"song\": {\"title\": \"Jeff Baird\", \"description\": \"jeff@example.com\"}}",
					"rawModeData": "{\"song\": {\"title\": \"Jeff Baird\", \"description\": \"jeff@example.com\"}}",
					"descriptionFormat": "html",
					"description": "",
					"headers": "Content-Type: application/json\n",
					"method": "POST",
					"pathVariables": {},
					"url": "localhost:4000/api/songs",
					"preRequestScript": "",
					"tests": "",
					"currentHelper": "normal",
					"helperAttributes": null,
					"createdAt": "2016-06-19T18:02:30.000Z",
					"updatedAt": "2016-06-19T18:02:30.000Z",
					"responses": [],
					"collectionId": "995700c7-cf48-6d2b-91e5-8c6ea502f3e7"
				},
				{
					"owner": "664068",
					"lastUpdatedBy": "664068",
					"lastRevision": 328405775,
					"folder": null,
					"collection": "995700c7-cf48-6d2b-91e5-8c6ea502f3e7",
					"id": "ffd7cb6c-9c61-06d7-d3cc-85f305dcc894",
					"name": "localhost:4000/api/songs",
					"dataMode": "params",
					"data": [],
					"rawModeData": null,
					"descriptionFormat": "html",
					"description": "",
					"headers": "",
					"method": "GET",
					"pathVariables": {},
					"url": "localhost:4000/api/songs",
					"preRequestScript": "",
					"tests": "",
					"currentHelper": "normal",
					"helperAttributes": null,
					"createdAt": "2016-06-19T18:02:30.000Z",
					"updatedAt": "2016-06-19T18:02:30.000Z",
					"responses": [],
					"collectionId": "995700c7-cf48-6d2b-91e5-8c6ea502f3e7"
				}
			]
		},
		{
			"favoriters": [],
			"owner": "664068",
			"lastUpdatedBy": "664068",
			"lastRevision": 294183565,
			"team": null,
			"id": "ae4f5eef-5518-6ce2-57e5-8159c37af633",
			"name": "Glossier V2",
			"description": "",
			"remote_id": "0",
			"order": [],
			"shared": false,
			"write": true,
			"createdAt": 1468001365663,
			"updatedAt": 1468001365663,
			"folders": [
				{
					"owner": "664068",
					"lastUpdatedBy": "664068",
					"lastRevision": 323552048,
					"collection": "ae4f5eef-5518-6ce2-57e5-8159c37af633",
					"id": "70524d93-dc28-51e5-2b9c-b1747384c93c",
					"name": "Authentification",
					"description": "",
					"order": [
						"fbaa3668-cc2c-f98f-92b7-34f20bdef1b5",
						"e66e9f08-7dd6-465c-97be-d48d2e809752"
					],
					"createdAt": "2016-06-03T17:14:31.000Z",
					"updatedAt": "2016-06-16T17:23:44.000Z"
				}
			],
			"favorite": false,
			"subscribed": false,
			"sharedWithTeam": false,
			"hasRequests": true,
			"synced": true,
			"requests": [
				{
					"owner": "664068",
					"lastUpdatedBy": "664068",
					"lastRevision": 323569613,
					"folder": "70524d93-dc28-51e5-2b9c-b1747384c93c",
					"collection": "ae4f5eef-5518-6ce2-57e5-8159c37af633",
					"id": "e66e9f08-7dd6-465c-97be-d48d2e809752",
					"name": "Sign in",
					"dataMode": "params",
					"data": null,
					"rawModeData": null,
					"descriptionFormat": "html",
					"description": "",
					"headers": "",
					"method": "POST",
					"pathVariables": {},
					"url": "{{URL}}/api/sign_in?email=charles@godynamo.com&password=password123",
					"preRequestScript": null,
					"tests": null,
					"currentHelper": "normal",
					"helperAttributes": "{}",
					"createdAt": "2016-06-16T17:23:44.000Z",
					"updatedAt": "2016-06-16T17:32:03.000Z",
					"responses": [],
					"collectionId": "ae4f5eef-5518-6ce2-57e5-8159c37af633"
				},
				{
					"owner": "664068",
					"lastUpdatedBy": "664068",
					"lastRevision": 294183565,
					"folder": "70524d93-dc28-51e5-2b9c-b1747384c93c",
					"collection": "ae4f5eef-5518-6ce2-57e5-8159c37af633",
					"id": "fbaa3668-cc2c-f98f-92b7-34f20bdef1b5",
					"name": "Register account",
					"dataMode": "raw",
					"data": "{ \"user\": { \"email\": \"foo2@bar.com\", \"password\": \"foobar\" } }",
					"rawModeData": "{ \"user\": { \"email\": \"foo2@bar.com\", \"password\": \"foobar\" } }",
					"descriptionFormat": "html",
					"description": "",
					"headers": "Content-Type: application/json\n",
					"method": "POST",
					"pathVariables": {},
					"url": "localhost:3000/api/users",
					"preRequestScript": null,
					"tests": null,
					"currentHelper": "normal",
					"helperAttributes": "{}",
					"createdAt": "2016-06-03T17:14:31.000Z",
					"updatedAt": "2016-06-03T17:14:31.000Z",
					"responses": [],
					"collectionId": "ae4f5eef-5518-6ce2-57e5-8159c37af633"
				}
			]
		},
		{
			"favoriters": [],
			"owner": "664068",
			"lastUpdatedBy": "664068",
			"lastRevision": 330870252,
			"team": null,
			"id": "ffc3134c-d64e-b893-be75-2b2740451b5d",
			"name": "ITG",
			"description": "",
			"remote_id": "0",
			"order": [],
			"shared": false,
			"write": true,
			"createdAt": 1468001365675,
			"updatedAt": 1468001365675,
			"folders": [],
			"favorite": false,
			"subscribed": false,
			"sharedWithTeam": false,
			"hasRequests": true,
			"synced": true,
			"requests": []
		}
	],
	"environments": [
		{
			"id": "8fba23c3-374e-a76d-07e9-93935648bd3f",
			"name": "local",
			"values": [
				{
					"key": "URL",
					"value": "http://localhost:3000",
					"type": "text",
					"enabled": true
				},
				{
					"key": "TOKEN",
					"value": "e2378142c2f6fa089b43f387d5bbe78f7f4198f6f43f52cb",
					"type": "text",
					"enabled": true
				},
				{
					"key": "PLATFORM",
					"value": "ios",
					"type": "text",
					"enabled": true
				},
				{
					"key": "API_VERSION",
					"value": "3",
					"type": "text",
					"enabled": true
				},
				{
					"key": "APP_VERSION",
					"value": "1.0.12",
					"type": "text",
					"enabled": true
				},
				{
					"key": "ORDER_ID",
					"value": "1337",
					"type": "text",
					"enabled": true
				},
				{
					"key": "SHIPMENT_ID",
					"value": "1337",
					"type": "text",
					"enabled": true
				},
				{
					"key": "TAXON_ID",
					"value": "1337",
					"type": "text",
					"enabled": true
				},
				{
					"key": "TAXONOMY_ID",
					"value": "1337",
					"type": "text",
					"enabled": true
				},
				{
					"key": "PRODUCT_ID",
					"value": "1337",
					"type": "text",
					"enabled": true
				},
				{
					"key": "LINE_ITEM_ID",
					"value": "1337",
					"type": "text",
					"enabled": true
				},
				{
					"key": "USER_ID",
					"value": "1337",
					"type": "text",
					"enabled": true
				}
			],
			"team": null,
			"timestamp": 1468005551085
		},
		{
			"id": "5e1f169c-4ad0-c0bb-eaf2-d0fd0675f584",
			"name": "Production",
			"values": [
				{
					"key": "URL",
					"value": "https://hollar.com",
					"type": "text",
					"enabled": true
				},
				{
					"key": "TOKEN",
					"value": "e2378142c2f6fa089b43f387d5bbe78f7f4198f6f43f52cb",
					"type": "text",
					"enabled": true
				},
				{
					"key": "PLATFORM",
					"value": "ios",
					"type": "text",
					"enabled": true
				},
				{
					"key": "API_VERSION",
					"value": "3",
					"type": "text",
					"enabled": true
				},
				{
					"key": "APP_VERSION",
					"value": "1.0.12",
					"type": "text",
					"enabled": true
				},
				{
					"key": "ORDER_ID",
					"value": "1337",
					"type": "text",
					"enabled": true
				},
				{
					"key": "SHIPMENT_ID",
					"value": "1337",
					"type": "text",
					"enabled": true
				},
				{
					"key": "TAXON_ID",
					"value": "1337",
					"type": "text",
					"enabled": true
				},
				{
					"key": "TAXONOMY_ID",
					"value": "1337",
					"type": "text",
					"enabled": true
				},
				{
					"key": "PRODUCT_ID",
					"value": "1337",
					"type": "text",
					"enabled": true
				},
				{
					"key": "LINE_ITEM_ID",
					"value": "1337",
					"type": "text",
					"enabled": true
				},
				{
					"key": "USER_ID",
					"value": "1337",
					"type": "text",
					"enabled": true
				}
			],
			"team": null,
			"timestamp": 1468005557341
		},
		{
			"id": "5c3f1e09-d463-cf31-ec15-799531d89402",
			"name": "qa2",
			"values": [
				{
					"key": "URL",
					"value": "https://qa2-web.hollar.com",
					"type": "text",
					"enabled": true
				},
				{
					"key": "TOKEN",
					"value": "e2378142c2f6fa089b43f387d5bbe78f7f4198f6f43f52cb",
					"type": "text",
					"enabled": true
				},
				{
					"key": "PLATFORM",
					"value": "ios",
					"type": "text",
					"enabled": true
				},
				{
					"key": "API_VERSION",
					"value": "3",
					"type": "text",
					"enabled": true
				},
				{
					"key": "APP_VERSION",
					"value": "1.0.12",
					"type": "text",
					"enabled": true
				},
				{
					"key": "ORDER_ID",
					"value": "1337",
					"type": "text",
					"enabled": true
				},
				{
					"key": "SHIPMENT_ID",
					"value": "1337",
					"type": "text",
					"enabled": true
				},
				{
					"key": "TAXON_ID",
					"value": "1337",
					"type": "text",
					"enabled": true
				},
				{
					"key": "TAXONOMY_ID",
					"value": "1337",
					"type": "text",
					"enabled": true
				},
				{
					"key": "PRODUCT_ID",
					"value": "1337",
					"type": "text",
					"enabled": true
				},
				{
					"key": "LINE_ITEM_ID",
					"value": "1337",
					"type": "text",
					"enabled": true
				},
				{
					"key": "USER_ID",
					"value": "1337",
					"type": "text",
					"enabled": true
				}
			],
			"team": null,
			"timestamp": 1468005561839
		},
		{
			"id": "80dd8772-85bf-0214-0521-8b5041008c92",
			"name": "dev2",
			"values": [
				{
					"key": "URL",
					"value": "https://dev2-web.hollar.com",
					"type": "text",
					"enabled": true
				},
				{
					"key": "TOKEN",
					"value": "e2378142c2f6fa089b43f387d5bbe78f7f4198f6f43f52cb",
					"type": "text",
					"enabled": true
				},
				{
					"key": "PLATFORM",
					"value": "ios",
					"type": "text",
					"enabled": true
				},
				{
					"key": "API_VERSION",
					"value": "3",
					"type": "text",
					"enabled": true
				},
				{
					"key": "APP_VERSION",
					"value": "1.0.12",
					"type": "text",
					"enabled": true
				},
				{
					"key": "ORDER_ID",
					"value": "1337",
					"type": "text",
					"enabled": true
				},
				{
					"key": "SHIPMENT_ID",
					"value": "1337",
					"type": "text",
					"enabled": true
				},
				{
					"key": "TAXON_ID",
					"value": "1337",
					"type": "text",
					"enabled": true
				},
				{
					"key": "TAXONOMY_ID",
					"value": "1337",
					"type": "text",
					"enabled": true
				},
				{
					"key": "PRODUCT_ID",
					"value": "1337",
					"type": "text",
					"enabled": true
				},
				{
					"key": "LINE_ITEM_ID",
					"value": "1337",
					"type": "text",
					"enabled": true
				},
				{
					"key": "USER_ID",
					"value": "1337",
					"type": "text",
					"enabled": true
				}
			],
			"timestamp": 1468006758811,
			"synced": false
		}
	],
	"headerPresets": [
		{
			"id": "0f18d7cf-e857-9568-3ae9-e4d7fb9a2ae7",
			"name": "Spree Token",
			"headers": [
				{
					"key": "X-SPREE-TOKEN",
					"value": "{{TOKEN}}",
					"type": "text",
					"enabled": true
				}
			],
			"timestamp": 1468002496346
		}
	],
	"globals": []
}