Taxonomy,Taxon,Subtaxon,Description,
Category,,,,
Category,Apparel & Accessories,,"Jewelry, Hair Accessories, Scarves, Gloves & Hats, Kids' Accessories, Socks, Stockings, Leggings, Thermals, Sunglasses
Shoes & Flip-Flops, Purses, Sleepwear,
Underwear, Tee Shirts & Tanks, Activewear
Men's Apparel & Accessories",
Category,Apparel & Accessories,Women's Accessories,,
Category,Apparel & Accessories,Women's Apparel,,
Category,Baby,,"Wipes, Baby Proofing, Bottles & Brushes, Bibs, Bowls, Sippy Cups, Pacifiers, Blankets, Swaddlers, Burpees, Crib Accessories, Diapering, Baby Clothes & Accessories, Baby Lotions, Potions & Wellness,
Baby Food & Snacks, Baby Toys",
Category,Baby,Diapering,,
Category,Baby,Feeding,,
Category,Baby,Nursery & Gear,,
Category,Gift Bags & Cards,,"Gift Bags, Wine Bags, Tissue Paper, Ribbons, Greeting Cards",
Category,Gift Bags & Cards,Gift Bags & Tissue Paper,,
Category,Gift Bags & Cards,Greeting Cards,,
Category,Gift Bags & Cards,Ribbons,,
Category,Snacks,,"Chips, Nuts, Gum, Mints, Energy Bars, Healthy Snacks, Beverages",
Category,Snacks,Snacks,,
Category,Home,,"Picture Frames, Home Decorations, Candles, Clocks & Wall Art, Blankets, Sheets & Linens, Shower Curtains & Accessories, Sink Accessories, Towels, Mats & Rugs, Hangers & Closet Accessories",
Category,Home,Home Decor,,
Category,Home,Storage & Organization,,
Category,Home,Bed & Bath,,
Category,Kitchen ,,"Glassware, Kitchen Gadgets & Colanders, Utensils, Serveware & Condiments, Plates, Bowls, Trays Racks & Liners, Napkins, Placemats, Hand Towels & Mitts, Pots, Pans & Casseroles, Foils, Bags & Paper, Knives & Cutting Boards, Drinkware, Baking, Storage & Organization",
Category,Kitchen ,Bakeware & Cookware,,
Category,Kitchen ,Dining,,
Category,Kitchen ,Kitchen Accessories,,
Category,Kitchen ,Storage & Organization,,
Category,Kitchen ,Tools & Gadgets,,
Category,Office & School,,"Binders & Filing, Notebooks, Journals & Paper, Tapes & Adhesives, Pens, Pencils, Crayons & Highlighters, Envelopes & Mailing Supplies, Paper Clips, Staples & Rubber Bands, Stickers & Labels, Calendars",
Category,Office & School,Binders & Filing,,
Category,Office & School,"Notebooks, Journals, & Paper",,
Category,Office & School,"Tape, Adhesives, & Fasteners",,
Category,Office & School,Tools & Equipment,,
Category,Office & School,Writing ,,
Category,Personal Care,,"Deodorants, Eye Care, Feminine Products, First Aid, Medicine, Antibacterial, Foot Care, Hair Care, Lip & Oral Care, Shaving, Skin Care, Bath & Soaps, Vitamins & Supplements, Reading Glasses, Family Planning, Back Care & Massage, Muscle and Joint Recovery, Hygiene",
Category,Personal Care,Health & First Aid,,
Category,Personal Care,Personal Hygiene,,
Category,Personal Care,Shaving & Grooming,,
Category,Pet,,"Dog & Cat Toys, Collars & Outfits, Bowls & Bottles, Pet Snacks, Shelters & Bedding, Training Mats, Poop Bags, Grooming",
Category,Pet,Cat Treats & Accessories,,
Category,Pet,Dog Toys,,
Category,Pet,Dog Treats & Accessories,,
Category,Seasonal  ,,"Christmas Decorations, Tree Ornaments, Stockings, Wreaths, Christmas Signs, Harvest & Thanksgiving, Hanukkah, New Year’s",
Category,Seasonal  ,Christmas,,
Category,Seasonal  ,Holiday,,
Category,Seasonal  ,New Year's,,
Category,Seasonal  ,Thanksgiving,,
Category,Toys,,"Action Figures, Trucks, Cars & Planes, Dolls, Make-Believe, Games, Puzzles, Building Blocks, Activity Books, Packs, Purses & Lunch Boxes, Novelty Toys",
Category,Toys,Action Figures & Vehicles,,
Category,Toys,Activity Books & Sets,,
Category,Toys,Dolls & Make Believe,,
Category,Toys,"Games, Puzzles & Blocks",,
Category,Toys,Novelty Toys,,
Category,Toys,"Packs, Purses & Lunch Boxes",,
Category,Toys,Stuffed Animals & Plush Toys,,
Party,,,"Ready to party? Our collection of fun-and-festive finds sure is. Stock up on supplies for every occasion and theme, then let the good times roll. ",
Party,Autumn Harvest,,A festival of fall finds (minus the pumpkin spice lattes). ,
Party,Tinsel Town,,Meet all the ingredients for the best holiday bash ever.,
Party,Star Wars,,100% of Jedis agree: these party picks are really awesome.,
Party,All About Frozen,,These magical party faves? Totally worth melting for.,
Party,Movember,,Exactly what you need to host the most epic 'stache bash.,
Party,Casino Night,,"Shop your heart out, then start practicing your best poker face.",
Party,Just for Baby,,Throw an unforgettable party they won't remember. ,
Gifts,,,Need a little lift in the gift department? Look no further. Discover endless goodies for every special occasion and just because. P.S. treating yourself is highly encouraged.,
Gifts,Warm Wishes,,The coziest gifts of all? Über-toasty winter accessories. ,
Gifts,Season’s Greetings,,Festive cards. Gift wrap. The holidays made oh-so easy. ,
Gifts,Just for Fido,,"Toys, accessories, and treats. Cue the tail wagging. ",
Gifts,Stationary Shop,,Notebooks and supplies that look really good on paper. ,
Gifts,Toy Land,,Dolls and action figures for tons of make-believe fun.,
Gifts,Home Accents,,Our frames and candles? Classic gifts that never fail. ,
Gifts,Tech it Out,,Phone cases and gadgets to give and get (emphasis on get).,